{"cameraMode":{"drawMode":0,"name":"Shaded","section":"Shading Mode"},"sceneLighting":false,"audioPlay":false,"sceneViewState":{"m_AlwaysRefresh":false,"showFog":true,"showSkybox":true,"showFlares":true,"showImageEffects":true,"showParticleSystems":true,"showVisualEffectGraphs":true,"m_FxEnabled":false},"in2DMode":false,"pivot":{"x":-3.11856746673584,"y":-0.16640472412109376,"z":-1.7938756942749024},"rotation":{"x":-0.24397502839565278,"y":0.11722221225500107,"z":-0.029707197099924089,"w":-0.9622267484664917},"size":7.418447494506836,"orthographic":false}