{"cameraMode":{"drawMode":0,"name":"Shaded","section":"Shading Mode"},"sceneLighting":false,"audioPlay":false,"sceneViewState":{"m_AlwaysRefresh":false,"showFog":true,"showSkybox":false,"showFlares":true,"showImageEffects":true,"showParticleSystems":true,"showVisualEffectGraphs":true,"m_FxEnabled":false},"in2DMode":false,"pivot":{"x":0.11027565598487854,"y":0.33064234256744387,"z":-0.610283613204956},"rotation":{"x":0.046661149710416797,"y":-0.8434818387031555,"z":0.0742645412683487,"w":0.5299748182296753},"size":4.116544723510742,"orthographic":false}